epoch,time,train/box_loss,train/cls_loss,train/dfl_loss,metrics/precision(B),metrics/recall(B),metrics/mAP50(B),metrics/mAP50-95(B),val/box_loss,val/cls_loss,val/dfl_loss,lr/pg0,lr/pg1,lr/pg2
1,1500.2,1.81851,2.70956,1.89399,0.18517,0.23767,0.12407,0.04363,2.09992,3.86407,2.1872,0.000666133,0.000666133,0.000666133
2,2940.27,1.90736,2.8372,1.95548,0.29922,0.25009,0.17962,0.06241,2.10121,3.28811,2.13351,0.00126683,0.00126683,0.00126683
3,4375.28,1.96552,2.91763,1.99437,0.22419,0.17954,0.11993,0.04101,2.19806,3.68971,2.31486,0.00180152,0.00180152,0.00180152
4,5775.94,1.96158,2.9027,1.98324,0.28625,0.25166,0.17746,0.05884,2.12636,3.70418,2.1669,0.001703,0.001703,0.001703
5,7281.65,1.95943,2.85147,1.98771,0.22902,0.28035,0.17217,0.06231,1.98814,4.12718,2.0665,0.001604,0.001604,0.001604
