epoch,time,train/box_loss,train/cls_loss,train/dfl_loss,metrics/precision(B),metrics/recall(B),metrics/mAP50(B),metrics/mAP50-95(B),val/box_loss,val/cls_loss,val/dfl_loss,lr/pg0,lr/pg1,lr/pg2
1,1507.83,1.61742,2.36816,1.74432,0.27439,0.26049,0.20534,0.07371,2.08138,3.63256,2.12712,0.000666133,0.000666133,0.000666133
2,2969,1.73812,2.51112,1.81937,0.29528,0.24724,0.17865,0.0654,2.09295,3.1647,2.10748,0.00126683,0.00126683,0.00126683
3,4339.3,1.79388,2.62584,1.86314,0.2458,0.22884,0.15951,0.05597,2.11503,3.76228,2.18852,0.00180152,0.00180152,0.00180152
4,5732.9,1.82263,2.63207,1.87691,0.22917,0.20824,0.13964,0.05257,2.14328,4.01679,2.1579,0.001703,0.001703,0.001703
5,7208.51,1.82185,2.62763,1.87433,0.27966,0.28109,0.19323,0.06857,2.00323,3.14499,2.09209,0.001604,0.001604,0.001604
6,8661.29,1.854,2.67528,1.90563,0.27897,0.26637,0.19349,0.06828,1.99663,3.70923,2.08441,0.001505,0.001505,0.001505
7,10099.4,1.84186,2.6729,1.89004,0.29866,0.24441,0.19169,0.06987,2.04666,3.21526,2.09698,0.001406,0.001406,0.001406
