epoch,time,train/box_loss,train/cls_loss,train/dfl_loss,metrics/precision(B),metrics/recall(B),metrics/mAP50(B),metrics/mAP50-95(B),val/box_loss,val/cls_loss,val/dfl_loss,lr/pg0,lr/pg1,lr/pg2
1,1490.74,2.37215,4.6947,2.32638,0.007,0.71008,0.04748,0.01525,2.3557,4.9303,2.37913,0.000666133,0.000666133,0.000666133
2,3010.34,2.18527,3.38829,2.17029,0.06736,0.23105,0.05255,0.01719,2.26851,4.94207,2.45331,0.00106891,0.00106891,0.00106891
