epoch,time,train/box_loss,train/cls_loss,train/dfl_loss,metrics/precision(B),metrics/recall(B),metrics/mAP50(B),metrics/mAP50-95(B),val/box_loss,val/cls_loss,val/dfl_loss,lr/pg0,lr/pg1,lr/pg2
1,2683.68,1.90585,2.90534,1.81252,0.42159,0.3772,0.34052,0.12601,1.99495,2.64471,1.92952,0.00333184,0.00333184,0.00333184
2,5468.34,1.88572,2.21343,1.75547,0.42366,0.44826,0.36143,0.12809,2.03573,2.33546,1.9472,0.00633525,0.00633525,0.00633525
3,2481.98,1.92397,2.17485,1.82397,0.35449,0.32543,0.28348,0.09393,2.20531,2.47063,2.03743,0.00900866,0.00900866,0.00900866
4,2419.54,1.90251,2.11501,1.81219,0.37348,0.37117,0.3047,0.10576,2.11835,2.371,1.9714,0.008515,0.008515,0.008515
5,5511.03,1.87292,2.0678,1.79118,0.45794,0.46711,0.41254,0.14711,2.01173,2.15428,1.9111,0.00802,0.00802,0.00802
